x,y,age,mass
30.0,37.0,6.74293019198,10.5277163493
30.0,38.0,6.75015257832,10.1310465084
30.0,39.0,6.76107491716,11.1289430416
34.0,39.0,6.82293956036,670.164504937
33.0,32.0,7.02031412295,47.6598238664
33.0,31.0,7.04826469637,61.2745888841
29.0,38.0,7.07900268455,21.7459985197
29.0,39.0,7.08072447618,30.8408275941
31.0,36.0,7.08927570577,68.7022847784
53.0,9.0,7.10158838768,273.312318102
33.0,33.0,7.11109668563,65.0695766146
34.0,37.0,7.19253032042,1047.51342179
29.0,37.0,7.20930811859,26.8373837662
34.0,38.0,7.22518525338,1079.39278882
36.0,39.0,7.23524934589,153.600453315
33.0,40.0,7.24637541754,315.445722434
31.0,35.0,7.26632366415,68.2747756662
36.0,36.0,7.30183234115,442.647939214
32.0,41.0,7.31175827085,459.598764135
32.0,32.0,7.3136629335,418.251623021
32.0,35.0,7.31771347176,124.473918446
32.0,34.0,7.32741716502,217.072567328
32.0,36.0,7.34765004277,265.85220447
36.0,35.0,7.35245120412,467.230566193
32.0,29.0,7.35461632389,223.717041699
31.0,34.0,7.36274970904,63.0019260215
31.0,41.0,7.36378916154,145.328524307
27.0,42.0,7.37619969659,94.9595557577
32.0,42.0,7.3849510388,176.89576426
36.0,30.0,7.39331333758,439.682959047
32.0,33.0,7.39641943287,989.31606513
34.0,32.0,7.39659465162,664.868727502
36.0,34.0,7.39660086951,519.264608274
31.0,30.0,7.40130190558,37.718999364
32.0,37.0,7.40411512242,746.83777034
34.0,33.0,7.41050337381,486.263212685
31.0,29.0,7.41271335971,37.1356472448
37.0,32.0,7.41549775592,198.079710204
35.0,38.0,7.41938909484,641.675688282
32.0,30.0,7.42185208519,116.530461729
37.0,33.0,7.42505532238,137.012059534
34.0,30.0,7.43259606792,938.913321609
35.0,39.0,7.4422180469,463.450606881
32.0,31.0,7.44264646763,104.130981326
34.0,40.0,7.44330797836,507.461425044
26.0,39.0,7.44794166068,11.8126405094
34.0,35.0,7.45346401039,483.125108616
28.0,36.0,7.45991253498,26.4518690085
38.0,33.0,7.46174596057,127.880502185
28.0,35.0,7.4629446519,24.7715003728
35.0,36.0,7.46710976258,219.081539679
35.0,40.0,7.46805095019,330.514029334
34.0,31.0,7.46923888538,769.946050528
36.0,41.0,7.47975323197,219.1784248
53.0,7.0,7.48110004618,305.433263216
33.0,43.0,7.48565345254,245.805215486
36.0,42.0,7.48976104879,93.1057836264
32.0,39.0,7.49187121145,1305.43480501
33.0,39.0,7.49576022535,1057.11947399
32.0,38.0,7.50501922847,1105.29659454
35.0,30.0,7.52074664281,729.342209583
33.0,41.0,7.52103338447,350.015106745
33.0,38.0,7.52833743197,1198.47837971
35.0,35.0,7.52863896518,240.588168587
34.0,41.0,7.5322082436,360.025977208
37.0,38.0,7.53887289777,145.888155406
37.0,31.0,7.5439267344,356.554501259
35.0,37.0,7.54722801278,642.159867551
31.0,40.0,7.55377702076,456.517160346
29.0,33.0,7.55554009849,179.710731309
28.0,42.0,7.56370684594,24.6993265041
34.0,34.0,7.56760100288,399.696369573
34.0,42.0,7.56905430077,266.97453166
33.0,37.0,7.57568515538,1976.36196126
26.0,37.0,7.57647984447,13.8563449063
26.0,38.0,7.57647984447,14.8709057767
36.0,38.0,7.5801791744,245.736095513
30.0,40.0,7.58107429305,85.9088979298
40.0,41.0,7.59530230735,40.1643270463
28.0,32.0,7.60281380236,67.2010664174
34.0,36.0,7.60879475524,994.239382702
34.0,46.0,7.61602080846,45.8754804592
37.0,36.0,7.61859711813,188.362566176
38.0,32.0,7.62138021146,333.434181283
30.0,41.0,7.62823692816,215.495753541
37.0,41.0,7.63310464154,36.8279000131
30.0,36.0,7.63430705062,264.281312041
33.0,34.0,7.63945096381,442.721426197
28.0,41.0,7.64069755409,28.315271432
54.0,2.0,7.64452911112,273.908278884
32.0,27.0,7.64460212903,252.748421316
38.0,31.0,7.64659708463,292.023271443
35.0,28.0,7.65372665481,549.696960398
37.0,37.0,7.65944624512,179.47032629
35.0,33.0,7.66090611396,618.345548847
38.0,38.0,7.66340005047,180.190336638
32.0,43.0,7.66508405491,143.35545477
28.0,34.0,7.67228118983,37.0001720738
27.0,35.0,7.67228118983,26.3571835818
27.0,34.0,7.67228118983,24.543355185
32.0,40.0,7.67325153834,920.184860345
29.0,31.0,7.67553108031,36.0992601796
37.0,35.0,7.67865582371,322.434051939
34.0,44.0,7.67944835037,28.3456814734
57.0,8.0,7.68161246091,144.005397145
29.0,32.0,7.68526598487,42.7871301807
30.0,32.0,7.68584312306,60.7715782437
54.0,1.0,7.68814309862,291.088199326
35.0,41.0,7.69737329898,232.516765521
31.0,42.0,7.69794665544,274.93248994
30.0,42.0,7.70767203675,190.842373704
38.0,35.0,7.7078531284,192.530421853
30.0,34.0,7.70865248855,73.0670303984
54.0,0.0,7.71211933881,219.816636751
30.0,33.0,7.71792025975,66.4490938837
36.0,27.0,7.72030772936,356.700781169
30.0,35.0,7.72125643724,211.290934382
30.0,31.0,7.72621126604,53.8656720717
37.0,39.0,7.73273967673,159.764676397
35.0,32.0,7.73495117703,859.347739279
31.0,31.0,7.73863668753,318.733962642
33.0,42.0,7.74081227647,358.943717519
31.0,38.0,7.74503436319,840.102753191
30.0,45.0,7.74625723318,34.4477438746
36.0,40.0,7.74688218876,347.36572857
31.0,37.0,7.75280450331,718.495173735
28.0,40.0,7.75333897146,37.2304327997
38.0,37.0,7.76279524493,169.728045399
33.0,27.0,7.76884213754,100.900032315
38.0,36.0,7.77094408244,206.511440442
40.0,40.0,7.77172168045,63.24104184
47.0,44.0,7.77795355053,0.724718605012
41.0,42.0,7.77795355053,3.72063976214
40.0,42.0,7.77795355053,5.34844168284
46.0,41.0,7.77795355053,1.00530660481
45.0,41.0,7.77795355053,1.10973170972
44.0,41.0,7.77795355053,1.5349835767
43.0,41.0,7.77795355053,2.11234844577
42.0,41.0,7.77795355053,3.00105225032
41.0,39.0,7.77795355053,6.18481694888
46.0,44.0,7.77795355053,0.61639807212
42.0,39.0,7.77795355053,4.3447773541
48.0,44.0,7.77795355053,0.700555304975
49.0,44.0,7.77795355053,0.611486776692
44.0,40.0,7.77795355053,1.85909081279
43.0,40.0,7.77795355053,2.80049666211
42.0,40.0,7.77795355053,3.68872524771
41.0,40.0,7.77795355053,5.30853768485
41.0,41.0,7.77795355053,4.45450615191
42.0,42.0,7.77795355053,2.52481737894
44.0,44.0,7.77795355053,1.10206679519
48.0,43.0,7.77795355053,1.49844089514
49.0,43.0,7.77795355053,0.700678667591
47.0,43.0,7.77795355053,0.828385782489
46.0,43.0,7.77795355053,0.744703708606
45.0,43.0,7.77795355053,1.5596263537
44.0,43.0,7.77795355053,1.14082760495
43.0,43.0,7.77795355053,1.56918902546
42.0,43.0,7.77795355053,2.43026847994
41.0,43.0,7.77795355053,3.24135111128
40.0,43.0,7.77795355053,4.45207896096
49.0,42.0,7.77795355053,0.61867977075
48.0,42.0,7.77795355053,0.814446346651
47.0,42.0,7.77795355053,0.932905883215
46.0,42.0,7.77795355053,0.916739383333
45.0,42.0,7.77795355053,1.01963813825
44.0,42.0,7.77795355053,1.24662918957
43.0,42.0,7.77795355053,1.78214120719
39.0,44.0,7.77795355053,5.15898693088
40.0,44.0,7.77795355053,3.63360080977
41.0,44.0,7.77795355053,2.90041210477
42.0,44.0,7.77795355053,2.15914395805
43.0,44.0,7.77795355053,1.48673170187
45.0,44.0,7.77795355053,0.822861991972
37.0,45.0,7.77795355053,6.09478346946
38.0,46.0,7.77795355053,3.96182189224
39.0,45.0,7.77795355053,3.99742181234
43.0,47.0,7.77795355053,1.28237628121
44.0,47.0,7.77795355053,0.978996603345
45.0,47.0,7.77795355053,0.753885257655
37.0,48.0,7.77795355053,3.20923053271
38.0,48.0,7.77795355053,2.56081071604
39.0,48.0,7.77795355053,2.22088835661
40.0,48.0,7.77795355053,1.96484489951
41.0,48.0,7.77795355053,1.74720409877
42.0,48.0,7.77795355053,1.3047379593
43.0,48.0,7.77795355053,1.93392616188
44.0,48.0,7.77795355053,0.861938794744
38.0,49.0,7.77795355053,2.22114695632
39.0,49.0,7.77795355053,1.83932112899
40.0,49.0,7.77795355053,1.52646166081
41.0,49.0,7.77795355053,1.24521708643
43.0,49.0,7.77795355053,0.86778541509
39.0,50.0,7.77795355053,1.51148158904
40.0,50.0,7.77795355053,1.22619417526
41.0,50.0,7.77795355053,1.11856476088
42.0,50.0,7.77795355053,0.893838616008
39.0,51.0,7.77795355053,1.40711489696
40.0,51.0,7.77795355053,1.09824717195
41.0,51.0,7.77795355053,1.04031675925
42.0,51.0,7.77795355053,1.36656919747
38.0,45.0,7.77795355053,5.10427893922
40.0,52.0,7.77795355053,1.08342674592
41.0,52.0,7.77795355053,1.02042785091
42.0,47.0,7.77795355053,1.43057238531
41.0,47.0,7.77795355053,1.91999164375
42.0,49.0,7.77795355053,1.06138064103
39.0,47.0,7.77795355053,2.64913666974
40.0,45.0,7.77795355053,2.86573191684
41.0,45.0,7.77795355053,2.34747699179
40.0,47.0,7.77795355053,2.3136467285
43.0,45.0,7.77795355053,1.36746877901
44.0,45.0,7.77795355053,1.13782600119
45.0,45.0,7.77795355053,0.911360125584
46.0,45.0,7.77795355053,0.659470636196
47.0,45.0,7.77795355053,0.692499552243
48.0,45.0,7.77795355053,0.699655483542
36.0,46.0,7.77795355053,6.24526355113
37.0,46.0,7.77795355053,4.9999802555
42.0,45.0,7.77795355053,1.85233699445
43.0,46.0,7.77795355053,1.40684238372
36.0,47.0,7.77795355053,4.94972843098
37.0,47.0,7.77795355053,4.00261371724
45.0,46.0,7.77795355053,0.792129347776
44.0,46.0,7.77795355053,1.17266115704
47.0,46.0,7.77795355053,1.16104396097
39.0,46.0,7.77795355053,3.12330634178
46.0,46.0,7.77795355053,1.30578699133
42.0,46.0,7.77795355053,1.65237393061
41.0,46.0,7.77795355053,2.19631010959
40.0,46.0,7.77795355053,2.67121791828
38.0,47.0,7.77795355053,3.20922117706
33.0,35.0,7.77870039799,761.32120811
36.0,33.0,7.78083504408,554.883418165
36.0,28.0,7.78516709874,473.359569233
53.0,8.0,7.78654228583,237.507644624
34.0,45.0,7.78782332088,41.8676357637
37.0,34.0,7.79536683781,295.150869443
36.0,43.0,7.79691881423,66.9616928979
31.0,39.0,7.79933880915,1043.85100406
35.0,29.0,7.80739790608,822.213513399
35.0,34.0,7.81343542761,659.2582909
35.0,43.0,7.82152891564,39.4892497008
24.0,25.0,7.82313086892,6.08739427148
29.0,26.0,7.82313086892,25.3755221693
30.0,26.0,7.82313086892,33.1872402772
30.0,27.0,7.82313086892,43.8342408795
23.0,27.0,7.82313086892,6.80520308813
24.0,27.0,7.82313086892,8.20079960345
25.0,27.0,7.82313086892,10.7042620534
26.0,27.0,7.82313086892,13.437025054
27.0,27.0,7.82313086892,19.0276085121
28.0,22.0,7.82313086892,7.83463493786
27.0,22.0,7.82313086892,5.77217552757
28.0,27.0,7.82313086892,25.9025729433
29.0,27.0,7.82313086892,33.7739341053
28.0,26.0,7.82313086892,20.6273930554
27.0,26.0,7.82313086892,16.1275024083
25.0,26.0,7.82313086892,8.91878078007
25.0,25.0,7.82313086892,8.32235132372
24.0,26.0,7.82313086892,7.32822670939
30.0,25.0,7.82313086892,24.7737885788
26.0,24.0,7.82313086892,8.34927742003
29.0,25.0,7.82313086892,19.3045595484
26.0,23.0,7.82313086892,6.8938866292
27.0,24.0,7.82313086892,9.08819816506
27.0,23.0,7.82313086892,5.33773246501
28.0,24.0,7.82313086892,11.9706698925
29.0,23.0,7.82313086892,12.7149863719
28.0,25.0,7.82313086892,15.7520536109
27.0,25.0,7.82313086892,12.5187800197
26.0,25.0,7.82313086892,9.85266395858
29.0,24.0,7.82313086892,15.8054667734
26.0,26.0,7.82313086892,11.2275360845
28.0,23.0,7.82313086892,9.50056397501
24.0,31.0,7.82313086892,14.7803357927
22.0,28.0,7.82313086892,6.16573675631
27.0,32.0,7.82313086892,35.182396913
26.0,32.0,7.82313086892,28.1634826375
27.0,31.0,7.82313086892,33.5252284237
26.0,31.0,7.82313086892,25.4057599619
25.0,31.0,7.82313086892,19.1320087892
29.0,30.0,7.82313086892,50.5256061691
27.0,30.0,7.82313086892,28.5187718225
26.0,30.0,7.82313086892,21.3597147984
25.0,30.0,7.82313086892,16.6429660394
24.0,30.0,7.82313086892,13.0322284484
23.0,30.0,7.82313086892,9.11198655109
22.0,30.0,7.82313086892,6.77210834771
30.0,29.0,7.82313086892,61.7733278825
29.0,29.0,7.82313086892,44.2391979208
28.0,29.0,7.82313086892,34.1962268739
27.0,29.0,7.82313086892,23.3413818274
26.0,29.0,7.82313086892,18.3094289589
23.0,28.0,7.82313086892,7.76550449726
24.0,28.0,7.82313086892,10.3211947284
25.0,28.0,7.82313086892,11.5852057883
26.0,28.0,7.82313086892,14.7154720744
27.0,28.0,7.82313086892,20.0889990441
29.0,28.0,7.82313086892,39.3935716007
31.0,27.0,7.82313086892,54.6363242625
30.0,28.0,7.82313086892,53.160675755
32.0,28.0,7.82313086892,97.25455796
21.0,29.0,7.82313086892,5.40459891945
22.0,29.0,7.82313086892,6.71471356146
23.0,29.0,7.82313086892,8.36348031524
24.0,29.0,7.82313086892,11.5437895302
25.0,29.0,7.82313086892,13.8374953159
31.0,28.0,7.82313086892,72.3168496289
28.0,28.0,7.82313086892,29.7115375091
25.0,24.0,7.82313086892,7.94925486044
36.0,31.0,7.82559034808,503.68155968
36.0,29.0,7.8260259202,630.50636289
38.0,39.0,7.82644433486,142.687851826
35.0,31.0,7.82802341021,768.90456101
35.0,45.0,7.83205767186,41.4495797434
36.0,37.0,7.83331817372,367.515621454
37.0,42.0,7.84042901201,38.8289525411
33.0,26.0,7.84231146358,82.5251817844
37.0,30.0,7.84326353132,451.909888738
28.0,30.0,7.84394001795,28.1958141386
28.0,31.0,7.84394001795,31.1680247302
27.0,33.0,7.85186100838,46.267519116
39.0,39.0,7.85381715517,42.850776203
51.0,15.0,7.85800798084,345.356362451
33.0,36.0,7.86129245075,873.869561541
37.0,28.0,7.86137208698,513.214752354
50.0,13.0,7.869239101,566.28490382
38.0,40.0,7.87096451905,70.3843204994
30.0,30.0,7.87209486357,184.185002031
41.0,37.0,7.87450911665,47.4372311326
41.0,38.0,7.87450911665,42.3074691433
28.0,37.0,7.88090837306,106.246308509
37.0,40.0,7.88320296616,120.698304761
35.0,44.0,7.88915164961,37.2477241056
36.0,26.0,7.88923509329,311.218932412
38.0,42.0,7.89037442944,48.5075374341
48.0,18.0,7.89451704044,207.803980222
36.0,32.0,7.89503907487,524.332476414
34.0,26.0,7.90127256985,114.130122079
29.0,36.0,7.90298424618,125.053009783
51.0,6.0,7.90346339738,466.810150896
30.0,44.0,7.90390415004,43.8925970601
28.0,33.0,7.90988829811,110.207661638
57.0,0.0,7.91159629709,308.786916988
35.0,42.0,7.91497880137,151.354888402
29.0,34.0,7.91542009726,58.2146779793
34.0,29.0,7.92060171449,1112.39018058
51.0,7.0,7.92274657722,465.443277811
47.0,9.0,7.92310099921,148.026332028
40.0,39.0,7.92455468294,24.472186864
39.0,38.0,7.92893255252,67.1716993472
57.0,1.0,7.92944214308,417.358814003
31.0,32.0,7.95872720697,366.570229074
34.0,27.0,7.96377479017,208.305940388
30.0,46.0,7.96502079733,24.4994747725
57.0,2.0,7.9698940541,478.580546345
29.0,35.0,7.97429933776,75.6885877808
29.0,43.0,7.9752552253,66.9663816939
29.0,41.0,7.97583206982,54.5012049882
51.0,14.0,7.97727016,600.687399613
37.0,44.0,7.98035193558,19.9200977913
39.0,41.0,7.98066955169,66.2908478148
55.0,2.0,7.98124827144,352.965310424
37.0,27.0,7.98510509387,292.864003494
31.0,33.0,7.98516494118,294.381921663
38.0,44.0,7.98543732723,15.8624307508
35.0,26.0,7.98558973963,239.798858938
51.0,13.0,7.98673924549,666.130188121
38.0,34.0,7.98701478689,321.999796308
35.0,27.0,7.99219801964,518.327282589
48.0,11.0,7.99229183962,319.096353058
40.0,35.0,7.99264429145,108.582224254
35.0,25.0,7.99289995045,155.875073625
39.0,30.0,7.99549962129,237.943060389
38.0,27.0,8.00002453737,307.069830502
50.0,12.0,8.00231494272,300.682115879
38.0,41.0,8.00473368242,30.7378780868
48.0,12.0,8.008811012,503.530682797
34.0,28.0,8.01038195223,588.72181524
49.0,17.0,8.01525541398,449.146599015
32.0,25.0,8.0188302897,134.57383192
31.0,25.0,8.0188302897,99.4252341034
31.0,26.0,8.0188302897,130.282311314
32.0,26.0,8.0188302897,176.750513709
40.0,30.0,8.0200453624,114.068929429
34.0,25.0,8.02078047675,93.983856375
31.0,46.0,8.02439242125,47.8518691229
27.0,41.0,8.02463055597,37.2479910634
40.0,31.0,8.02516804632,202.296104924
48.0,10.0,8.03292663374,445.318108139
40.0,34.0,8.03926129763,99.9517956664
28.0,38.0,8.04454844691,146.572376072
33.0,29.0,8.04593625519,808.029377239
47.0,8.0,8.04726025613,146.411487813
28.0,43.0,8.04841315691,31.0808594893
41.0,33.0,8.04887889445,76.5566222834
30.0,43.0,8.04904961275,86.4240840057
29.0,40.0,8.04988446109,91.8686737523
33.0,30.0,8.05489475688,1008.53207237
56.0,1.0,8.05508592585,353.974240845
39.0,36.0,8.05576352209,182.554852579
48.0,16.0,8.0588503258,241.792436824
52.0,8.0,8.06000579323,457.600030208
49.0,18.0,8.06355692489,376.478945039
32.0,44.0,8.06414663672,147.530172635
27.0,40.0,8.06571473184,36.6170093977
50.0,7.0,8.06642983443,310.564880032
52.0,7.0,8.06734276074,622.552932711
37.0,26.0,8.07230721175,268.081528224
36.0,25.0,8.07499620817,207.259378492
28.0,45.0,8.07590962944,22.9904326655
27.0,44.0,8.07590962944,21.0918742625
28.0,44.0,8.07590962944,26.2146644596
29.0,44.0,8.07590962944,31.4333717759
48.0,17.0,8.07696203937,202.461520585
40.0,38.0,8.07862469872,40.5535269597
33.0,44.0,8.08150321439,106.586526476
26.0,34.0,8.0819988553,47.351841648
23.0,41.0,8.0819988553,22.1861406445
26.0,33.0,8.0819988553,46.3961704597
20.0,40.0,8.0819988553,8.74133338742
21.0,41.0,8.0819988553,14.327657428
19.0,40.0,8.0819988553,8.48177110267
22.0,41.0,8.0819988553,17.3855465541
20.0,34.0,8.0819988553,8.82316629494
20.0,41.0,8.0819988553,8.4266196223
21.0,34.0,8.0819988553,12.1749245116
22.0,34.0,8.0819988553,15.5995524866
23.0,34.0,8.0819988553,20.5919517017
19.0,41.0,8.0819988553,9.4398732557
24.0,34.0,8.0819988553,27.1212272314
25.0,34.0,8.0819988553,35.0649186799
21.0,30.0,8.0819988553,10.7835004891
20.0,32.0,8.0819988553,8.34543166463
23.0,33.0,8.0819988553,20.8273418581
24.0,33.0,8.0819988553,25.3745167892
24.0,40.0,8.0819988553,29.129566235
25.0,40.0,8.0819988553,40.4074638643
21.0,32.0,8.0819988553,11.8490377085
22.0,32.0,8.0819988553,16.3080747163
23.0,32.0,8.0819988553,21.4310236172
23.0,31.0,8.0819988553,20.2604335551
22.0,31.0,8.0819988553,15.1276406829
24.0,32.0,8.0819988553,25.0555198956
25.0,32.0,8.0819988553,32.4909020874
25.0,33.0,8.0819988553,33.8513476283
21.0,31.0,8.0819988553,11.0943384625
22.0,40.0,8.0819988553,16.9941359801
21.0,40.0,8.0819988553,13.8073944046
19.0,33.0,8.0819988553,8.97040634278
20.0,33.0,8.0819988553,8.22561025381
20.0,31.0,8.0819988553,10.7236733399
21.0,33.0,8.0819988553,10.4407683967
26.0,40.0,8.0819988553,57.1025363399
22.0,33.0,8.0819988553,15.7527302509
23.0,40.0,8.0819988553,22.561327379
24.0,39.0,8.0819988553,28.6024098204
23.0,39.0,8.0819988553,23.0832232309
19.0,34.0,8.0819988553,7.3488457634
25.0,41.0,8.0819988553,39.9199096332
20.0,37.0,8.0819988553,8.39153034697
26.0,42.0,8.0819988553,53.838748934
19.0,37.0,8.0819988553,5.17081749624
27.0,36.0,8.0819988553,77.424089555
26.0,36.0,8.0819988553,49.4856908507
25.0,36.0,8.0819988553,35.9026954735
21.0,37.0,8.0819988553,11.1125554669
24.0,36.0,8.0819988553,27.6889589117
24.0,42.0,8.0819988553,28.9240491806
23.0,36.0,8.0819988553,20.6618151757
23.0,42.0,8.0819988553,22.3938423468
22.0,36.0,8.0819988553,16.7869251707
21.0,36.0,8.0819988553,13.6726338316
22.0,42.0,8.0819988553,18.9278766552
25.0,42.0,8.0819988553,40.5070489945
20.0,36.0,8.0819988553,8.16411284992
24.0,41.0,8.0819988553,29.7829100026
23.0,37.0,8.0819988553,20.9354862823
25.0,38.0,8.0819988553,38.6077526449
24.0,38.0,8.0819988553,27.1240246252
23.0,38.0,8.0819988553,21.0569109287
22.0,38.0,8.0819988553,14.3288115488
21.0,38.0,8.0819988553,11.8015368477
20.0,38.0,8.0819988553,8.05300217871
22.0,37.0,8.0819988553,15.4339753223
19.0,43.0,8.0819988553,7.47102154579
20.0,42.0,8.0819988553,9.51852493287
21.0,43.0,8.0819988553,14.2112566014
19.0,42.0,8.0819988553,7.57014015362
21.0,42.0,8.0819988553,14.7954871606
25.0,37.0,8.0819988553,37.7775098403
24.0,37.0,8.0819988553,26.7266885201
19.0,38.0,8.0819988553,7.26299606299
19.0,36.0,8.0819988553,8.26630389088
20.0,43.0,8.0819988553,10.1900909271
25.0,39.0,8.0819988553,39.0790168877
25.0,35.0,8.0819988553,36.3476708295
24.0,35.0,8.0819988553,27.9306662692
23.0,35.0,8.0819988553,22.0710697549
22.0,35.0,8.0819988553,16.8842960602
21.0,35.0,8.0819988553,13.8359149397
19.0,39.0,8.0819988553,4.59402213822
20.0,35.0,8.0819988553,9.70374739138
26.0,41.0,8.0819988553,54.771748525
26.0,35.0,8.0819988553,48.5007993437
20.0,39.0,8.0819988553,8.00873303021
21.0,39.0,8.0819988553,12.4052011993
22.0,39.0,8.0819988553,16.1099332422
19.0,35.0,8.0819988553,6.8934693944
51.0,8.0,8.08668513973,569.304993755
29.0,45.0,8.09013662002,36.5804751078
56.0,2.0,8.090368285,485.68659149
53.0,3.0,8.0952549771,145.34200286
50.0,9.0,8.09710173955,438.05672085
50.0,14.0,8.10158434627,682.026654537
37.0,29.0,8.10353348294,657.81935158
56.0,0.0,8.10361390512,277.35888779
36.0,24.0,8.1039470927,175.638559504
30.0,24.0,8.10474380051,33.4238732104
33.0,25.0,8.10474380051,99.459462011
31.0,24.0,8.10474380051,44.0763165294
32.0,23.0,8.10474380051,48.1032724675
33.0,24.0,8.10474380051,76.2433628032
33.0,23.0,8.10474380051,61.1147996187
31.0,23.0,8.10474380051,35.4886900368
30.0,23.0,8.10474380051,26.974960891
32.0,24.0,8.10474380051,58.8590621212
34.0,24.0,8.10474380051,97.1718907817
54.0,8.0,8.10495350503,557.570486388
39.0,33.0,8.10643978698,140.960956168
32.0,45.0,8.10710161516,111.075227902
54.0,7.0,8.11402120476,463.997992382
39.0,40.0,8.11514560389,86.4264513332
41.0,26.0,8.12353289693,304.699065236
38.0,30.0,8.12392890873,412.645169358
51.0,12.0,8.13074994563,486.267246432
39.0,31.0,8.13092747207,275.232833344
27.0,39.0,8.13178151479,67.7419837466
52.0,3.0,8.13216998286,209.807276523
47.0,18.0,8.13340573586,203.645104498
46.0,9.0,8.13633735442,159.719326848
40.0,33.0,8.14086419118,168.749969308
39.0,37.0,8.14394782304,111.172660843
36.0,45.0,8.15127997375,59.3276474388
50.0,8.0,8.15207657964,716.708998834
36.0,44.0,8.15480772284,77.904858095
39.0,27.0,8.15853238896,294.177264606
39.0,35.0,8.16030572498,201.352020747
55.0,1.0,8.16092127702,388.133265599
49.0,13.0,8.16928496589,661.169299864
50.0,15.0,8.17162898099,471.142137629
33.0,45.0,8.17589556174,49.1083324982
50.0,18.0,8.17812540815,235.825817586
28.0,39.0,8.18220527401,170.397381915
52.0,9.0,8.18253973939,261.447878311
34.0,43.0,8.18266663616,101.694621357
49.0,16.0,8.18295395788,528.905189589
38.0,29.0,8.18363801263,376.660703515
40.0,27.0,8.18431492272,245.340290287
48.0,14.0,8.18566096839,898.299801514
54.0,9.0,8.18776037688,498.833205917
50.0,17.0,8.19141865278,287.485915289
39.0,28.0,8.19912588539,287.166881239
39.0,34.0,8.19934023043,210.731837016
37.0,25.0,8.20137921448,215.149301979
38.0,54.0,8.20376180258,1.91992364975
37.0,54.0,8.20376180258,1.97131494402
32.0,56.0,8.20376180258,1.41692465569
36.0,54.0,8.20376180258,1.99853809088
35.0,54.0,8.20376180258,2.12568323226
32.0,55.0,8.20376180258,1.64024589439
34.0,56.0,8.20376180258,1.26686731778
31.0,56.0,8.20376180258,1.52316113408
34.0,54.0,8.20376180258,2.08741789704
28.0,57.0,8.20376180258,2.07834012164
29.0,57.0,8.20376180258,1.75763663367
33.0,56.0,8.20376180258,1.39208557004
27.0,57.0,8.20376180258,1.82843813225
26.0,55.0,8.20376180258,2.04122624937
31.0,55.0,8.20376180258,1.69992257233
27.0,55.0,8.20376180258,1.86293431747
28.0,55.0,8.20376180258,2.22846981269
30.0,56.0,8.20376180258,1.83638520257
29.0,56.0,8.20376180258,2.585338698
28.0,56.0,8.20376180258,2.14424795259
29.0,55.0,8.20376180258,2.42364268239
30.0,55.0,8.20376180258,2.143911236
27.0,56.0,8.20376180258,1.64371515305
37.0,55.0,8.20376180258,1.62450224829
36.0,55.0,8.20376180258,1.57350475475
35.0,55.0,8.20376180258,1.46332378225
34.0,55.0,8.20376180258,1.28929120541
33.0,55.0,8.20376180258,1.45283028026
39.0,54.0,8.20376180258,1.36650119706
26.0,56.0,8.20376180258,1.66532179937
32.0,50.0,8.20376180258,5.78102341444
32.0,54.0,8.20376180258,1.88629470434
36.0,51.0,8.20376180258,3.10426067417
35.0,51.0,8.20376180258,3.65119579379
34.0,51.0,8.20376180258,3.85454945944
33.0,51.0,8.20376180258,3.89484687028
32.0,51.0,8.20376180258,4.19008125132
31.0,51.0,8.20376180258,5.01314313354
30.0,51.0,8.20376180258,5.71045264756
29.0,51.0,8.20376180258,6.28498455569
28.0,51.0,8.20376180258,6.33157439517
38.0,50.0,8.20376180258,3.22306474489
37.0,50.0,8.20376180258,3.31684081341
36.0,50.0,8.20376180258,3.74727279225
35.0,50.0,8.20376180258,4.43372753752
34.0,50.0,8.20376180258,5.16705913974
33.0,50.0,8.20376180258,5.39030682772
31.0,50.0,8.20376180258,6.90134796102
30.0,50.0,8.20376180258,7.61783135899
29.0,50.0,8.20376180258,7.94509513196
37.0,49.0,8.20376180258,4.08694657738
35.0,49.0,8.20376180258,5.79607167192
34.0,49.0,8.20376180258,6.51957482234
33.0,49.0,8.20376180258,6.99394881479
32.0,49.0,8.20376180258,8.08933437849
31.0,49.0,8.20376180258,9.23075850056
30.0,49.0,8.20376180258,9.738958239
29.0,49.0,8.20376180258,9.91308562342
36.0,48.0,8.20376180258,6.35819716059
34.0,48.0,8.20376180258,8.58191621561
32.0,48.0,8.20376180258,10.6822948071
37.0,51.0,8.20376180258,2.83761626582
38.0,51.0,8.20376180258,2.89502175346
28.0,52.0,8.20376180258,5.36556424621
29.0,52.0,8.20376180258,4.9973699474
31.0,54.0,8.20376180258,2.2616572542
30.0,54.0,8.20376180258,2.64126199394
29.0,54.0,8.20376180258,3.02919103836
30.0,57.0,8.20376180258,1.54982242132
28.0,54.0,8.20376180258,3.24042950072
27.0,54.0,8.20376180258,3.2648647061
40.0,53.0,8.20376180258,1.72085568568
39.0,53.0,8.20376180258,1.966264794
38.0,53.0,8.20376180258,2.67035774011
37.0,53.0,8.20376180258,2.60015722175
36.0,53.0,8.20376180258,2.51835864327
35.0,53.0,8.20376180258,2.47543695876
34.0,53.0,8.20376180258,2.46987424904
33.0,53.0,8.20376180258,2.38546476974
33.0,54.0,8.20376180258,1.98933936098
32.0,53.0,8.20376180258,2.4357972131
30.0,53.0,8.20376180258,3.40440029934
29.0,53.0,8.20376180258,3.75484701931
28.0,53.0,8.20376180258,4.19454578992
27.0,53.0,8.20376180258,4.34224082245
39.0,52.0,8.20376180258,2.08158593381
38.0,52.0,8.20376180258,2.71291336758
37.0,52.0,8.20376180258,2.59987719012
36.0,52.0,8.20376180258,2.78342685073
35.0,52.0,8.20376180258,2.95105762092
34.0,52.0,8.20376180258,3.07721556595
33.0,52.0,8.20376180258,2.80629543577
32.0,52.0,8.20376180258,3.007515432
31.0,52.0,8.20376180258,3.83237127313
30.0,52.0,8.20376180258,4.70579893105
31.0,53.0,8.20376180258,2.94152836187
36.0,49.0,8.20376180258,4.8689238465
31.0,57.0,8.20376180258,2.15121381441
39.0,32.0,8.20517748578,227.129759969
45.0,25.0,8.20526518986,145.347550855
48.0,15.0,8.2061354826,294.872364116
52.0,6.0,8.20833763634,512.859455983
40.0,36.0,8.21085357641,111.032366884
46.0,21.0,8.21173840345,140.841616802
40.0,29.0,8.2120324774,257.169224191
43.0,22.0,8.21243998894,477.660650793
33.0,28.0,8.21288007021,499.667182661
51.0,11.0,8.21298089945,235.6158515
40.0,26.0,8.21393196995,300.275004815
29.0,42.0,8.21474114508,141.407472072
50.0,16.0,8.21548164187,366.14759666
55.0,3.0,8.21651385835,427.772835919
37.0,43.0,8.21658490354,23.7491905685
31.0,44.0,8.22026581308,83.8347210971
48.0,13.0,8.22174986058,974.236601099
28.0,47.0,8.22200999563,22.5356144608
29.0,47.0,8.22200999563,24.392840909
28.0,46.0,8.22200999563,24.4395975564
29.0,46.0,8.22200999563,26.9969958351
44.0,22.0,8.22467718535,182.026835338
41.0,32.0,8.22669475043,169.682593918
47.0,11.0,8.22854422618,550.837813847
42.0,20.0,8.22967734986,323.411024285
49.0,12.0,8.23178851615,610.266728261
53.0,0.0,8.23211477573,218.323232028
41.0,34.0,8.2328974156,73.8205792707
32.0,47.0,8.23465678478,17.5341951255
46.0,11.0,8.23591119367,396.795791263
46.0,23.0,8.23600209498,122.784299411
42.0,33.0,8.23656860795,106.189819652
40.0,32.0,8.237746553,230.026211585
52.0,4.0,8.24175547671,222.408552401
43.0,20.0,8.24219119101,241.03756253
41.0,30.0,8.25264237897,190.033489789
41.0,36.0,8.25446379054,87.4339279224
42.0,36.0,8.25446379054,58.2907012386
42.0,35.0,8.25446379054,68.2533793113
39.0,26.0,8.25467353209,317.165966647
51.0,9.0,8.25617121223,287.690493454
46.0,12.0,8.26298977488,359.745947647
49.0,10.0,8.26536730196,613.079636724
50.0,11.0,8.26607549793,517.96349807
31.0,45.0,8.26620774347,93.1216877177
41.0,25.0,8.2663466206,332.564320029
50.0,10.0,8.2717717723,504.77261991
42.0,17.0,8.27331110559,127.729148437
46.0,22.0,8.27665510126,166.463377196
44.0,23.0,8.27920389989,206.949706756
33.0,48.0,8.27985367636,15.7432654924
39.0,43.0,8.2803104877,46.8196987028
39.0,42.0,8.2803104877,54.5579571489
38.0,43.0,8.2803104877,65.4392862109
54.0,3.0,8.28105646948,430.990977888
46.0,10.0,8.2850051185,342.536360838
41.0,31.0,8.28646277959,196.40547005
47.0,17.0,8.28756920516,763.535693651
47.0,22.0,8.28943594716,169.188899796
40.0,28.0,8.29025343263,335.859796999
42.0,18.0,8.29126714907,170.780469465
31.0,48.0,8.29310654607,15.2566291943
31.0,47.0,8.29310654607,18.9398017843
30.0,47.0,8.29310654607,19.4419902153
30.0,48.0,8.29310654607,16.2924493577
51.0,16.0,8.29566654299,290.368330971
43.0,17.0,8.29929492629,352.679750365
43.0,21.0,8.29940306977,261.155674698
41.0,20.0,8.30158634665,299.379768902
56.0,4.0,8.30217920367,203.344225687
38.0,26.0,8.30300451131,362.951981615
41.0,27.0,8.30778024242,241.485562523
33.0,47.0,8.30857479485,29.5084154078
31.0,43.0,8.30975513012,136.789393622
46.0,20.0,8.31486808007,277.583311354
44.0,15.0,8.31519669049,211.945402267
46.0,17.0,8.31608254042,517.927671311
49.0,15.0,8.31750105772,443.431019833
47.0,12.0,8.3187569453,640.331590521
46.0,18.0,8.31922666668,380.658483284
49.0,9.0,8.32277805968,783.918498714
43.0,16.0,8.32775426763,266.404798053
44.0,25.0,8.32879027343,154.153578785
40.0,25.0,8.32902669246,329.31180486
56.0,5.0,8.33746632233,140.67116688
41.0,35.0,8.3381548542,55.7597326133
38.0,21.0,8.33915001262,158.502400488
49.0,11.0,8.34032103264,601.44965865
32.0,15.0,8.34631385898,17.1589914963
30.0,21.0,8.34631385898,26.4779886287
31.0,21.0,8.34631385898,33.9526799564
36.0,19.0,8.34631385898,95.6127592037
37.0,19.0,8.34631385898,120.424938632
31.0,17.0,8.34631385898,16.321640287
32.0,21.0,8.34631385898,46.5237519886
33.0,21.0,8.34631385898,62.3092702235
34.0,21.0,8.34631385898,80.6283451958
35.0,21.0,8.34631385898,106.516637529
29.0,21.0,8.34631385898,20.7835543488
31.0,15.0,8.34631385898,10.8157402802
36.0,21.0,8.34631385898,134.787402379
37.0,21.0,8.34631385898,163.188534103
33.0,20.0,8.34631385898,52.0845646872
32.0,20.0,8.34631385898,37.9588403089
31.0,20.0,8.34631385898,28.2128612334
30.0,20.0,8.34631385898,23.0611896101
30.0,17.0,8.34631385898,17.2533751714
29.0,20.0,8.34631385898,17.6835811155
28.0,21.0,8.34631385898,18.5566098732
33.0,17.0,8.34631385898,36.1653020519
31.0,19.0,8.34631385898,26.8175582754
29.0,22.0,8.34631385898,26.3731764968
38.0,20.0,8.34631385898,160.315940866
30.0,16.0,8.34631385898,15.3843324866
31.0,16.0,8.34631385898,15.6306936135
34.0,23.0,8.34631385898,117.539036272
35.0,23.0,8.34631385898,149.08913767
36.0,23.0,8.34631385898,171.645007697
32.0,16.0,8.34631385898,21.6692069544
33.0,16.0,8.34631385898,26.7652122233
34.0,16.0,8.34631385898,32.4475962762
37.0,18.0,8.34631385898,103.558171421
36.0,18.0,8.34631385898,80.4580565351
35.0,18.0,8.34631385898,66.4034779028
34.0,18.0,8.34631385898,54.3543506925
35.0,24.0,8.34631385898,173.391003802
33.0,18.0,8.34631385898,45.4835441261
32.0,18.0,8.34631385898,34.9062445375
31.0,18.0,8.34631385898,24.2982652998
30.0,18.0,8.34631385898,18.4106128735
29.0,18.0,8.34631385898,15.8561140864
36.0,17.0,8.34631385898,67.497371662
32.0,17.0,8.34631385898,28.7294075982
29.0,19.0,8.34631385898,16.5800460582
37.0,20.0,8.34631385898,141.283817367
30.0,22.0,8.34631385898,32.1292603744
31.0,22.0,8.34631385898,42.294767112
32.0,22.0,8.34631385898,58.8123819964
33.0,22.0,8.34631385898,75.7170053989
34.0,20.0,8.34631385898,68.5342271218
35.0,20.0,8.34631385898,89.1232332493
36.0,20.0,8.34631385898,112.762959366
30.0,19.0,8.34631385898,20.6242621831
34.0,17.0,8.34631385898,41.7412996555
28.0,20.0,8.34631385898,15.9273812559
35.0,19.0,8.34631385898,77.1788093085
34.0,19.0,8.34631385898,60.9236978866
33.0,19.0,8.34631385898,46.3103091677
32.0,19.0,8.34631385898,34.9537001569
34.0,22.0,8.34631385898,98.722437936
35.0,22.0,8.34631385898,128.839341106
36.0,22.0,8.34631385898,151.633692299
37.0,22.0,8.34631385898,179.240273869
35.0,17.0,8.34631385898,55.6427340548
38.0,22.0,8.35055474444,146.287342283
43.0,23.0,8.35564752133,358.236167444
41.0,19.0,8.35610416682,339.705320049
58.0,2.0,8.35677598468,241.293275678
49.0,14.0,8.35984004409,766.04693322
47.0,36.0,8.36496087995,20.3174126122
50.0,34.0,8.36496087995,12.8128336384
45.0,33.0,8.36496087995,50.8687872376
46.0,33.0,8.36496087995,38.2004676255
47.0,33.0,8.36496087995,29.1608607691
48.0,33.0,8.36496087995,25.5867208547
49.0,33.0,8.36496087995,23.0107488303
50.0,33.0,8.36496087995,16.5282701649
51.0,32.0,8.36496087995,12.5261543697
50.0,32.0,8.36496087995,18.8167764217
49.0,32.0,8.36496087995,25.0820225043
48.0,32.0,8.36496087995,27.390220692
47.0,32.0,8.36496087995,34.5818302678
46.0,32.0,8.36496087995,45.8776996073
45.0,32.0,8.36496087995,62.9207488771
44.0,32.0,8.36496087995,79.1061126955
45.0,30.0,8.36496087995,83.4317455433
43.0,32.0,8.36496087995,111.024952566
48.0,31.0,8.36496087995,30.798929818
47.0,31.0,8.36496087995,38.9246250378
46.0,31.0,8.36496087995,53.0680772099
45.0,31.0,8.36496087995,76.6539432639
44.0,31.0,8.36496087995,92.1938959679
43.0,31.0,8.36496087995,124.49526887
42.0,34.0,8.36496087995,118.423362233
43.0,34.0,8.36496087995,89.4206993195
44.0,34.0,8.36496087995,61.4175844635
45.0,34.0,8.36496087995,44.6745617313
46.0,34.0,8.36496087995,34.0185078482
47.0,34.0,8.36496087995,25.371989713
48.0,34.0,8.36496087995,21.1941686515
49.0,34.0,8.36496087995,17.1221705162
43.0,35.0,8.36496087995,74.5423769248
44.0,35.0,8.36496087995,53.1957524836
44.0,33.0,8.36496087995,67.0541224885
46.0,35.0,8.36496087995,30.0472761925
48.0,38.0,8.36496087995,14.8205357102
47.0,38.0,8.36496087995,15.9741946861
46.0,38.0,8.36496087995,19.7103712135
45.0,38.0,8.36496087995,27.0581414258
44.0,38.0,8.36496087995,32.9422810655
43.0,38.0,8.36496087995,49.9099192924
42.0,38.0,8.36496087995,76.746973309
45.0,35.0,8.36496087995,38.0246025598
50.0,37.0,8.36496087995,9.99278987028
49.0,37.0,8.36496087995,11.435478684
48.0,37.0,8.36496087995,14.6177493521
47.0,37.0,8.36496087995,18.5341992667
46.0,37.0,8.36496087995,22.0261522855
45.0,37.0,8.36496087995,29.552244368
44.0,37.0,8.36496087995,38.5107963157
49.0,38.0,8.36496087995,14.1489174908
43.0,37.0,8.36496087995,55.5092731526
50.0,38.0,8.36496087995,11.0962593297
48.0,41.0,8.36496087995,14.1577644867
50.0,40.0,8.36496087995,11.8381741179
49.0,40.0,8.36496087995,13.1943043167
48.0,40.0,8.36496087995,15.9779459552
47.0,40.0,8.36496087995,13.8005931404
46.0,40.0,8.36496087995,14.79189769
45.0,40.0,8.36496087995,18.5097151386
50.0,39.0,8.36496087995,11.3985730524
49.0,39.0,8.36496087995,14.7778290918
48.0,39.0,8.36496087995,14.7420215232
47.0,39.0,8.36496087995,13.2008605567
46.0,39.0,8.36496087995,16.1547573192
45.0,39.0,8.36496087995,22.5001048702
44.0,39.0,8.36496087995,28.1527335364
43.0,39.0,8.36496087995,44.2840512265
47.0,41.0,8.36496087995,14.0432061565
49.0,41.0,8.36496087995,16.3226092027
42.0,37.0,8.36496087995,85.1886821504
50.0,41.0,8.36496087995,11.2095053406
43.0,33.0,8.36496087995,100.612386578
50.0,36.0,8.36496087995,20.3271791243
49.0,36.0,8.36496087995,12.6378898744
48.0,36.0,8.36496087995,15.5179182386
45.0,36.0,8.36496087995,33.7218201364
50.0,35.0,8.36496087995,11.5854687418
49.0,35.0,8.36496087995,13.8604661447
48.0,35.0,8.36496087995,17.6761799326
46.0,36.0,8.36496087995,25.5067943621
47.0,35.0,8.36496087995,22.5500694177
43.0,36.0,8.36496087995,64.2885247935
44.0,36.0,8.36496087995,45.3783005271
46.0,19.0,8.36521427114,339.35028799
48.0,8.0,8.36573903256,316.644226475
48.0,19.0,8.36625694867,300.846672309
47.0,10.0,8.36789101932,577.952393469
48.0,9.0,8.36824640433,493.002008496
45.0,22.0,8.3688405753,182.724150104
45.0,23.0,8.36940709815,167.12235216
39.0,22.0,8.3698133225,184.204513508
48.0,20.0,8.37105706254,296.090207163
38.0,28.0,8.37199971102,422.379682817
44.0,26.0,8.37338490439,136.764246717
53.0,2.0,8.37467908639,288.117778028
46.0,16.0,8.37880938724,564.855132299
40.0,37.0,8.37906122581,146.751937989
51.0,10.0,8.38254555679,421.239501336
20.0,51.0,8.38648015973,2.35592765193
24.0,53.0,8.38648015973,3.27788955049
23.0,53.0,8.38648015973,3.1066624121
22.0,53.0,8.38648015973,2.94279535042
27.0,50.0,8.38648015973,10.3266267585
26.0,53.0,8.38648015973,5.32213698818
27.0,49.0,8.38648015973,11.850759944
28.0,49.0,8.38648015973,12.9799527115
24.0,49.0,8.38648015973,7.38057751045
23.0,49.0,8.38648015973,6.06700036076
22.0,49.0,8.38648015973,5.07053922857
21.0,49.0,8.38648015973,3.65121955569
20.0,49.0,8.38648015973,2.42667070847
25.0,53.0,8.38648015973,4.26913252404
20.0,50.0,8.38648015973,2.52605033615
22.0,50.0,8.38648015973,4.50119863499
23.0,50.0,8.38648015973,5.36753809653
24.0,50.0,8.38648015973,6.49040485743
25.0,50.0,8.38648015973,8.5732935832
26.0,50.0,8.38648015973,10.3956273301
21.0,51.0,8.38648015973,3.35487524468
28.0,50.0,8.38648015973,11.2225174887
21.0,50.0,8.38648015973,3.7026539202
22.0,51.0,8.38648015973,4.01972980255
25.0,54.0,8.38648015973,3.54509397798
24.0,51.0,8.38648015973,5.4012480742
24.0,52.0,8.38648015973,4.3804349448
25.0,52.0,8.38648015973,5.23960733244
26.0,52.0,8.38648015973,6.20673557829
27.0,52.0,8.38648015973,7.75702271091
23.0,43.0,8.38648015973,7.6411372111
24.0,43.0,8.38648015973,9.52722917189
23.0,52.0,8.38648015973,3.74562272092
25.0,43.0,8.38648015973,13.6608206007
27.0,43.0,8.38648015973,23.102212509
22.0,48.0,8.38648015973,5.08613999423
23.0,48.0,8.38648015973,6.48263988796
23.0,54.0,8.38648015973,3.0454344828
24.0,54.0,8.38648015973,3.05826592369
24.0,48.0,8.38648015973,8.74758515771
26.0,43.0,8.38648015973,18.0963439786
23.0,51.0,8.38648015973,4.52577609727
25.0,48.0,8.38648015973,10.7261874396
27.0,48.0,8.38648015973,14.6525752973
25.0,51.0,8.38648015973,6.92380064348
26.0,51.0,8.38648015973,8.01578754441
27.0,51.0,8.38648015973,8.65549743603
22.0,54.0,8.38648015973,2.60742817235
26.0,54.0,8.38648015973,4.14717599383
21.0,53.0,8.38648015973,2.30867693328
26.0,48.0,8.38648015973,12.2337778642
20.0,48.0,8.38648015973,2.55654064915
20.0,52.0,8.38648015973,2.2106472924
21.0,52.0,8.38648015973,2.66583277149
22.0,52.0,8.38648015973,3.38782206444
21.0,48.0,8.38648015973,4.10588696683
29.0,48.0,8.38648015973,17.7543866693
28.0,48.0,8.38648015973,16.369389035
22.0,43.0,8.38648015973,6.30996847468
20.0,44.0,8.38648015973,3.37428206124
25.0,49.0,8.38648015973,9.83690366195
26.0,47.0,8.38648015973,13.7060139507
22.0,46.0,8.38648015973,5.49662451661
21.0,46.0,8.38648015973,4.53180699253
27.0,47.0,8.38648015973,16.5169234549
22.0,47.0,8.38648015973,5.09536635504
20.0,46.0,8.38648015973,3.89874713975
20.0,47.0,8.38648015973,3.01754055934
21.0,47.0,8.38648015973,4.35877111675
21.0,45.0,8.38648015973,4.25460301253
27.0,45.0,8.38648015973,19.4872568245
25.0,56.0,8.38648015973,2.45929556176
25.0,45.0,8.38648015973,12.3843873442
24.0,45.0,8.38648015973,8.85151274619
23.0,45.0,8.38648015973,6.98679983101
19.0,45.0,8.38648015973,3.05062372053
20.0,45.0,8.38648015973,3.41139142639
22.0,45.0,8.38648015973,5.3712417438
26.0,45.0,8.38648015973,16.1794825295
25.0,44.0,8.38648015973,12.859127048
26.0,44.0,8.38648015973,17.4639215663
23.0,44.0,8.38648015973,7.36678223594
25.0,47.0,8.38648015973,12.017352654
24.0,47.0,8.38648015973,9.70098600466
23.0,47.0,8.38648015973,6.93217826408
23.0,55.0,8.38648015973,2.54544416781
24.0,55.0,8.38648015973,2.64765096209
27.0,46.0,8.38648015973,18.4159790664
24.0,44.0,8.38648015973,8.91148527186
26.0,46.0,8.38648015973,15.1327025536
25.0,55.0,8.38648015973,2.95390452154
19.0,44.0,8.38648015973,3.55701057373
24.0,46.0,8.38648015973,9.55103049135
26.0,49.0,8.38648015973,11.4012392746
21.0,44.0,8.38648015973,4.50027050984
23.0,46.0,8.38648015973,7.11881139466
22.0,44.0,8.38648015973,5.77415547997
25.0,46.0,8.38648015973,12.4295677093
42.0,22.0,8.3866752709,385.610998252
42.0,29.0,8.39232843768,172.896476417
43.0,19.0,8.392329176,262.577359826
56.0,8.0,8.39600099947,111.97502514
42.0,30.0,8.39749173608,238.024088226
35.0,47.0,8.40025346794,18.3607178203
35.0,48.0,8.40025346794,13.7997628222
45.0,21.0,8.40132128063,246.458196478
37.0,24.0,8.40249411231,148.695202156
55.0,8.0,8.4042259406,167.526420097
44.0,20.0,8.40533467083,344.156187539
44.0,21.0,8.40549551976,206.460194265
42.0,16.0,8.41151685675,162.971351338
54.0,6.0,8.41213007114,266.971140345
43.0,30.0,8.4160348468,113.137800329
49.0,8.0,8.41875517352,610.601353807
47.0,21.0,8.4216027287,331.772029352
39.0,29.0,8.42287156757,404.431886999
27.0,37.0,8.42385235741,76.5039553081
53.0,1.0,8.42707213286,311.109472126
53.0,6.0,8.42815437373,339.857488358
44.0,14.0,8.42960569247,223.470937991
44.0,17.0,8.43588171746,259.683951071
57.0,3.0,8.44009920897,242.723207791
58.0,3.0,8.44243724062,131.720682774
44.0,24.0,8.44368596279,170.735334312
42.0,32.0,8.44395509943,144.626117168
38.0,25.0,8.44418698779,322.590740567
47.0,19.0,8.44545483399,333.07101114
43.0,29.0,8.44779879877,114.756932762
47.0,7.0,8.44786557188,109.851726078
45.0,15.0,8.44905057786,481.396011634
47.0,20.0,8.45464458079,294.278075064
42.0,26.0,8.45793711409,244.259845031
34.0,47.0,8.45933579301,59.2250148142
52.0,5.0,8.4600947569,343.272890794
41.0,21.0,8.46199105311,187.704925878
48.0,6.0,8.46603422559,152.289507684
42.0,23.0,8.46633991787,369.45351074
44.0,13.0,8.46647309307,184.506373398
47.0,15.0,8.47684431922,516.680996565
56.0,7.0,8.47917461321,110.733856044
46.0,26.0,8.4799796607,69.9887507778
45.0,26.0,8.4799796607,83.0337997215
45.0,27.0,8.4799796607,71.889847066
46.0,27.0,8.4799796607,57.9645079818
42.0,28.0,8.48337014485,206.68058909
52.0,11.0,8.48552979806,412.551500384
44.0,19.0,8.48570774531,454.082081268
38.0,24.0,8.48672161047,234.720354877
48.0,21.0,8.48888624758,221.544409798
44.0,18.0,8.48908267308,392.760093648
52.0,10.0,8.49066395973,515.346142239
45.0,14.0,8.49096009856,362.755206
53.0,5.0,8.49347858445,378.837829074
45.0,18.0,8.49390438112,432.439971191
35.0,46.0,8.49924692846,45.994565165
44.0,16.0,8.50069499671,378.495881829
40.0,20.0,8.5054860803,212.679882028
50.0,2.0,8.50703585659,51.3595280189
55.0,6.0,8.50903492554,295.185006974
43.0,28.0,8.51348685339,168.307671881
52.0,13.0,8.51449789284,412.175769639
49.0,7.0,8.51784578794,468.780664794
33.0,46.0,8.52103096751,59.4191201719
53.0,10.0,8.52161881523,385.885594887
38.0,23.0,8.5224041907,184.929343528
54.0,5.0,8.52474990217,387.029405782
42.0,21.0,8.52552956466,293.204278719
45.0,20.0,8.52581609283,459.506824634
39.0,25.0,8.52883722771,352.443172032
46.0,13.0,8.52976714895,430.157863454
45.0,19.0,8.53205939037,566.185099884
46.0,8.0,8.53748570272,330.586846424
47.0,13.0,8.54217517154,840.490403399
52.0,12.0,8.54359719776,324.420599851
55.0,7.0,8.54446703962,237.017969936
53.0,26.0,8.54591535532,23.8424009505
49.0,26.0,8.54591535532,63.1062751846
51.0,26.0,8.54591535532,37.8853040514
48.0,26.0,8.54591535532,87.4855144168
52.0,26.0,8.54591535532,30.3893261964
50.0,26.0,8.54591535532,47.6120797279
48.0,30.0,8.54591535532,42.1342237425
51.0,25.0,8.54591535532,44.1050232832
50.0,25.0,8.54591535532,58.8465573768
49.0,25.0,8.54591535532,78.5259739803
48.0,25.0,8.54591535532,106.709464546
47.0,25.0,8.54591535532,141.093238528
46.0,25.0,8.54591535532,173.393660308
49.0,24.0,8.54591535532,93.9553290138
48.0,24.0,8.54591535532,128.985358746
47.0,24.0,8.54591535532,173.037012119
46.0,24.0,8.54591535532,204.537211486
47.0,23.0,8.54591535532,195.83203553
48.0,23.0,8.54591535532,149.53782736
47.0,26.0,8.54591535532,116.664500634
49.0,30.0,8.54591535532,33.2911808219
51.0,31.0,8.54591535532,17.5286935418
49.0,29.0,8.54591535532,36.1494769424
46.0,28.0,8.54591535532,100.673532126
47.0,28.0,8.54591535532,76.816975059
50.0,29.0,8.54591535532,31.2373642932
49.0,31.0,8.54591535532,30.8761525666
54.0,27.0,8.54591535532,17.2650110105
48.0,28.0,8.54591535532,57.4540817343
53.0,27.0,8.54591535532,20.5571992548
52.0,27.0,8.54591535532,24.0677927392
51.0,27.0,8.54591535532,29.4495538406
49.0,28.0,8.54591535532,43.2857669022
50.0,28.0,8.54591535532,36.6144723373
50.0,27.0,8.54591535532,40.0502628028
47.0,29.0,8.54591535532,63.7424529575
46.0,30.0,8.54591535532,73.7725984219
48.0,27.0,8.54591535532,70.1385984573
47.0,27.0,8.54591535532,94.6330719767
51.0,28.0,8.54591535532,29.661718533
52.0,28.0,8.54591535532,25.6920260461
53.0,28.0,8.54591535532,20.9059835984
50.0,31.0,8.54591535532,25.5322127245
47.0,30.0,8.54591535532,55.5900856741
51.0,30.0,8.54591535532,27.9200905197
52.0,30.0,8.54591535532,25.1181841224
46.0,29.0,8.54591535532,86.0109070409
48.0,29.0,8.54591535532,48.3342008021
52.0,29.0,8.54591535532,24.7199409028
51.0,29.0,8.54591535532,28.474940251
49.0,27.0,8.54591535532,51.8098018632
50.0,30.0,8.54591535532,29.8115473764
40.0,21.0,8.54981165801,210.866957578
58.0,1.0,8.55013778043,294.153448167
41.0,29.0,8.55138817972,178.319386457
39.0,23.0,8.55924345765,251.767055745
48.0,7.0,8.56037267586,259.005013249
45.0,12.0,8.5622143179,299.502262154
46.0,14.0,8.56675622342,268.949573077
32.0,46.0,8.56685675207,29.1413254754
43.0,18.0,8.56686009328,304.251263523
37.0,23.0,8.56843724313,118.821441413
41.0,24.0,8.5700305735,302.248210718
47.0,16.0,8.57017112582,716.013790239
41.0,23.0,8.57299784657,288.879040673
48.0,22.0,8.57712143733,206.565213594
54.0,4.0,8.58660083231,283.512304849
43.0,27.0,8.58857792093,191.516786632
42.0,25.0,8.59127959409,267.676045701
53.0,4.0,8.59308979526,252.016800782
44.0,27.0,8.59404330564,79.9468484982
46.0,15.0,8.5947419154,658.429700091
44.0,30.0,8.59754096361,71.3793162186
43.0,26.0,8.59998537445,191.182053316
49.0,19.0,8.60067778847,277.355259603
49.0,20.0,8.60067778847,214.394335961
53.0,21.0,8.60067778847,65.2913109349
50.0,20.0,8.60067778847,166.161098056
49.0,23.0,8.60067778847,110.991148751
56.0,23.0,8.60067778847,18.4706863006
55.0,23.0,8.60067778847,28.1135690922
54.0,23.0,8.60067778847,36.0398287072
53.0,23.0,8.60067778847,44.7924430227
52.0,23.0,8.60067778847,56.808540745
50.0,19.0,8.60067778847,208.786047255
50.0,24.0,8.60067778847,76.3406442077
51.0,22.0,8.60067778847,93.9291040584
52.0,24.0,8.60067778847,44.4481835068
54.0,21.0,8.60067778847,48.1993879632
55.0,21.0,8.60067778847,35.5888475174
51.0,21.0,8.60067778847,106.555977279
50.0,21.0,8.60067778847,134.135768239
54.0,26.0,8.60067778847,19.261459872
49.0,21.0,8.60067778847,172.848131588
50.0,23.0,8.60067778847,94.5867657137
55.0,25.0,8.60067778847,19.5862775826
54.0,25.0,8.60067778847,25.3057610182
53.0,25.0,8.60067778847,28.1302907425
52.0,25.0,8.60067778847,36.4528974882
49.0,22.0,8.60067778847,140.488376662
51.0,24.0,8.60067778847,59.8242413131
50.0,22.0,8.60067778847,118.997011396
55.0,22.0,8.60067778847,30.0402206177
53.0,24.0,8.60067778847,33.0718808768
54.0,24.0,8.60067778847,30.5208254416
55.0,24.0,8.60067778847,25.8707301307
56.0,24.0,8.60067778847,20.5098294661
51.0,20.0,8.60067778847,131.645085245
56.0,22.0,8.60067778847,20.1178843281
54.0,20.0,8.60067778847,56.5828744652
51.0,23.0,8.60067778847,73.4640702963
53.0,22.0,8.60067778847,57.208225889
52.0,20.0,8.60067778847,106.768757367
52.0,22.0,8.60067778847,73.7141587526
53.0,20.0,8.60067778847,77.2285596903
52.0,21.0,8.60067778847,89.3536452243
54.0,22.0,8.60067778847,42.3629773371
45.0,11.0,8.60282087384,225.297303614
52.0,2.0,8.60878622895,123.499602359
42.0,19.0,8.6096405838,385.811054019
55.0,16.0,8.61207512379,101.448095
56.0,19.0,8.61207512379,49.0766241576
56.0,16.0,8.61207512379,76.5580646715
54.0,16.0,8.61207512379,125.241738041
53.0,16.0,8.61207512379,162.439438829
52.0,16.0,8.61207512379,225.235372254
54.0,19.0,8.61207512379,84.1004127315
55.0,19.0,8.61207512379,65.1953452652
57.0,16.0,8.61207512379,62.6875150249
57.0,15.0,8.61207512379,65.8984704049
55.0,15.0,8.61207512379,109.179262525
54.0,15.0,8.61207512379,139.199071623
55.0,18.0,8.61207512379,75.265470663
57.0,19.0,8.61207512379,37.1570733917
58.0,19.0,8.61207512379,31.0554109703
53.0,15.0,8.61207512379,192.409641323
56.0,15.0,8.61207512379,82.5029877028
52.0,15.0,8.61207512379,271.209795901
58.0,16.0,8.61207512379,46.4358132678
61.0,18.0,8.61207512379,23.8964670136
56.0,18.0,8.61207512379,56.3285340426
61.0,17.0,8.61207512379,28.4419796312
60.0,17.0,8.61207512379,27.5292643328
59.0,17.0,8.61207512379,29.5868988294
58.0,17.0,8.61207512379,38.3632149122
57.0,17.0,8.61207512379,50.7878711809
59.0,16.0,8.61207512379,34.4043488399
56.0,17.0,8.61207512379,67.3658877656
57.0,18.0,8.61207512379,42.9382916191
58.0,18.0,8.61207512379,34.2337162865
54.0,17.0,8.61207512379,108.614797835
53.0,17.0,8.61207512379,136.4054736
59.0,18.0,8.61207512379,27.1108247498
60.0,18.0,8.61207512379,25.7838230027
55.0,17.0,8.61207512379,87.1177627493
59.0,19.0,8.61207512379,23.9085648378
54.0,18.0,8.61207512379,93.5191237807
56.0,21.0,8.61207512379,34.4361903734
57.0,21.0,8.61207512379,27.9935666718
59.0,20.0,8.61207512379,28.0382015665
60.0,19.0,8.61207512379,25.6064911975
58.0,20.0,8.61207512379,27.9501144411
55.0,20.0,8.61207512379,55.0432368953
56.0,20.0,8.61207512379,43.3708252426
55.0,14.0,8.61207512379,124.54790849
54.0,14.0,8.61207512379,159.482909379
53.0,14.0,8.61207512379,217.601379033
57.0,20.0,8.61207512379,34.2106355061
58.0,21.0,8.61207512379,28.3197685061
57.0,22.0,8.61207512379,15.0342219789
43.0,24.0,8.61353755373,207.417795624
27.0,38.0,8.61462443048,76.9038864066
45.0,16.0,8.61529393382,623.249698927
50.0,6.0,8.61931662482,504.475851212
60.0,3.0,8.61932666206,117.166745161
61.0,2.0,8.61932666206,108.225696071
60.0,2.0,8.61932666206,150.788893156
59.0,2.0,8.61932666206,208.474206606
59.0,3.0,8.61932666206,170.065406151
61.0,3.0,8.61932666206,100.121748013
49.0,1.0,8.62574497834,39.3905540681
50.0,0.0,8.62574497834,49.3423811328
50.0,1.0,8.62574497834,55.9448856663
49.0,0.0,8.62574497834,34.5418343861
47.0,14.0,8.63535013336,725.512785877
39.0,24.0,8.64105070015,350.289315297
42.0,27.0,8.64273293764,248.008402148
40.0,24.0,8.64554784844,357.900362608
45.0,24.0,8.65090295218,177.813520563
42.0,31.0,8.65397964589,161.576210292
51.0,17.0,8.65497119807,183.298001057
44.0,29.0,8.65618442287,116.193371494
45.0,13.0,8.65677565989,435.95843828
46.0,7.0,8.66642222807,206.146279806
41.0,28.0,8.67327438729,230.306105688
39.0,21.0,8.68038188059,220.959417869
52.0,1.0,8.68658953761,112.070157556
38.0,18.0,8.68683475575,103.734341209
43.0,25.0,8.68745293013,176.783733644
62.0,8.0,8.69474510635,29.640670521
59.0,7.0,8.69474510635,74.5189206116
60.0,7.0,8.69474510635,57.7327424078
61.0,8.0,8.69474510635,37.3202203865
60.0,8.0,8.69474510635,51.8107441876
59.0,8.0,8.69474510635,65.5035023428
58.0,8.0,8.69474510635,82.6470727066
61.0,7.0,8.69474510635,41.2276817021
62.0,7.0,8.69474510635,34.2232217718
61.0,6.0,8.69474510635,48.7895054138
63.0,8.0,8.69474510635,23.5821327937
58.0,7.0,8.69474510635,96.5909796168
63.0,5.0,8.69474510635,35.2058137858
62.0,6.0,8.69474510635,37.6073478612
59.0,6.0,8.69474510635,86.3927431001
60.0,6.0,8.69474510635,67.2507771518
57.0,5.0,8.69474510635,174.84546446
58.0,5.0,8.69474510635,133.742025316
59.0,5.0,8.69474510635,84.3549469143
57.0,4.0,8.69474510635,219.28110551
63.0,6.0,8.69474510635,31.8652320479
58.0,6.0,8.69474510635,98.2709303761
61.0,5.0,8.69474510635,60.3565896611
62.0,5.0,8.69474510635,46.7623973616
60.0,5.0,8.69474510635,79.6799740857
63.0,9.0,8.69474510635,20.2612317707
58.0,4.0,8.69474510635,165.321341397
61.0,4.0,8.69474510635,71.6908740486
61.0,9.0,8.69474510635,36.4497978159
59.0,4.0,8.69474510635,100.359839343
60.0,4.0,8.69474510635,94.0304273785
62.0,9.0,8.69474510635,26.3379729004
42.0,15.0,8.71055867465,354.102065868
53.0,11.0,8.71491861319,328.988442509
45.0,17.0,8.71869279805,495.738065975
51.0,3.0,8.72026996596,266.922274553
42.0,24.0,8.7208357146,238.092412725
51.0,2.0,8.73198378992,95.796152955
51.0,1.0,8.73659134986,91.7122323637
51.0,0.0,8.73659134986,81.252593121
42.0,13.0,8.73749548343,141.549340668
52.0,14.0,8.73770346988,267.861158844
39.0,5.0,8.74632248653,17.1097091148
38.0,5.0,8.74632248653,17.2055918967
40.0,5.0,8.74632248653,20.441057848
41.0,5.0,8.74632248653,24.7587050179
43.0,6.0,8.74632248653,56.5710872992
42.0,6.0,8.74632248653,43.3241877478
41.0,6.0,8.74632248653,32.4381135009
40.0,6.0,8.74632248653,24.7311437136
39.0,6.0,8.74632248653,19.1970502259
44.0,7.0,8.74632248653,87.9164383523
43.0,7.0,8.74632248653,72.8603392225
42.0,7.0,8.74632248653,51.9851235844
41.0,7.0,8.74632248653,40.9284185643
40.0,7.0,8.74632248653,33.2374973844
39.0,7.0,8.74632248653,26.6793733259
38.0,7.0,8.74632248653,21.0864282838
37.0,7.0,8.74632248653,20.0724640217
42.0,5.0,8.74632248653,36.4222014109
36.0,8.0,8.74632248653,13.1843251998
42.0,2.0,8.74632248653,21.3284961871
38.0,8.0,8.74632248653,21.7684133998
42.0,10.0,8.74632248653,90.2752962
41.0,10.0,8.74632248653,67.031391578
40.0,10.0,8.74632248653,49.0236029492
39.0,10.0,8.74632248653,38.9969907265
37.0,9.0,8.74632248653,19.0438498912
38.0,9.0,8.74632248653,24.8082880058
43.0,10.0,8.74632248653,116.055289646
39.0,9.0,8.74632248653,35.0936146614
41.0,9.0,8.74632248653,52.9038214318
42.0,9.0,8.74632248653,70.5331082445
43.0,9.0,8.74632248653,98.8244620402
44.0,9.0,8.74632248653,119.433499206
45.0,9.0,8.74632248653,161.13137479
38.0,6.0,8.74632248653,22.5286033902
40.0,9.0,8.74632248653,42.1885900745
37.0,8.0,8.74632248653,19.7193961971
44.0,10.0,8.74632248653,147.432267568
40.0,3.0,8.74632248653,15.632255047
39.0,8.0,8.74632248653,27.4688277004
40.0,8.0,8.74632248653,38.166173645
41.0,8.0,8.74632248653,45.370656479
41.0,2.0,8.74632248653,21.1682514344
43.0,8.0,8.74632248653,84.2644325725
44.0,8.0,8.74632248653,99.7402209989
45.0,8.0,8.74632248653,135.212392811
42.0,4.0,8.74632248653,30.7427558969
41.0,4.0,8.74632248653,18.8256035871
40.0,4.0,8.74632248653,15.3559718387
39.0,4.0,8.74632248653,14.3331570948
42.0,3.0,8.74632248653,29.3930958397
41.0,3.0,8.74632248653,21.9823543549
45.0,10.0,8.74632248653,198.313125231
42.0,8.0,8.74632248653,58.744659894
40.0,23.0,8.74685756249,366.314393102
39.0,20.0,8.75121488724,232.339867311
40.0,14.0,8.75673258627,150.324355515
32.0,14.0,8.75673258627,22.7665580656
37.0,17.0,8.75673258627,126.476551424
40.0,13.0,8.75673258627,124.090111456
39.0,13.0,8.75673258627,94.8490614186
38.0,13.0,8.75673258627,75.2643763399
37.0,13.0,8.75673258627,62.5311149881
36.0,13.0,8.75673258627,46.5694670889
35.0,13.0,8.75673258627,34.9571169229
34.0,13.0,8.75673258627,26.712649699
33.0,13.0,8.75673258627,24.2092756134
37.0,16.0,8.75673258627,101.533140201
39.0,12.0,8.75673258627,77.1698822763
38.0,12.0,8.75673258627,64.8231106473
37.0,12.0,8.75673258627,53.0282049217
36.0,12.0,8.75673258627,44.1531775975
35.0,12.0,8.75673258627,35.1401435364
33.0,14.0,8.75673258627,25.3162766155
34.0,12.0,8.75673258627,26.1079754238
34.0,14.0,8.75673258627,27.5654003236
36.0,14.0,8.75673258627,49.2766223457
35.0,16.0,8.75673258627,62.7126479176
41.0,15.0,8.75673258627,219.27731716
40.0,15.0,8.75673258627,177.167152999
39.0,15.0,8.75673258627,132.811647653
38.0,15.0,8.75673258627,99.574997002
37.0,15.0,8.75673258627,78.8207130816
36.0,15.0,8.75673258627,60.4890033983
35.0,15.0,8.75673258627,44.5559529042
34.0,15.0,8.75673258627,34.1229729303
33.0,15.0,8.75673258627,30.3330155597
41.0,14.0,8.75673258627,186.842907666
40.0,16.0,8.75673258627,195.085917441
39.0,14.0,8.75673258627,112.043385105
38.0,14.0,8.75673258627,85.3377327722
37.0,14.0,8.75673258627,68.1082370553
35.0,14.0,8.75673258627,34.960700154
33.0,12.0,8.75673258627,17.1839001076
36.0,16.0,8.75673258627,79.8146772336
36.0,9.0,8.75673258627,20.8791132243
35.0,9.0,8.75673258627,14.255915149
38.0,10.0,8.75673258627,41.0166868366
37.0,10.0,8.75673258627,29.8339459496
36.0,10.0,8.75673258627,23.2631657141
35.0,10.0,8.75673258627,24.0097963325
39.0,11.0,8.75673258627,63.4421011704
34.0,11.0,8.75673258627,26.68531649
38.0,11.0,8.75673258627,51.5002547867
37.0,11.0,8.75673258627,39.532878888
35.0,11.0,8.75673258627,31.9763095013
36.0,11.0,8.75673258627,32.8131046822
49.0,6.0,8.76709635703,296.243500773
43.0,15.0,8.76710999569,328.639006801
40.0,22.0,8.77369203154,236.718058195
43.0,12.0,8.77375195264,171.923286538
45.0,29.0,8.79414947792,67.0864972451
45.0,28.0,8.79414947792,78.1428660993
44.0,28.0,8.79414947792,92.7236224875
43.0,11.0,8.7974791967,218.262366062
43.0,14.0,8.79974462465,166.296047217
44.0,12.0,8.80060155791,247.944758293
41.0,22.0,8.80160298613,230.189116882
56.0,10.0,8.80898364271,135.620150487
59.0,10.0,8.80898364271,64.4538773289
58.0,10.0,8.80898364271,83.4208450105
55.0,10.0,8.80898364271,180.393326969
63.0,13.0,8.80898364271,21.0669362877
62.0,13.0,8.80898364271,21.2093244451
61.0,13.0,8.80898364271,37.3600283432
60.0,13.0,8.80898364271,44.0512983824
59.0,13.0,8.80898364271,48.0010145373
58.0,13.0,8.80898364271,55.5065597134
57.0,13.0,8.80898364271,67.9207870624
57.0,10.0,8.80898364271,112.723514133
62.0,16.0,8.80898364271,23.138840065
58.0,14.0,8.80898364271,48.4936286264
60.0,16.0,8.80898364271,22.9341960591
62.0,15.0,8.80898364271,20.7487529903
61.0,15.0,8.80898364271,23.8875235941
60.0,15.0,8.80898364271,28.9018141411
59.0,15.0,8.80898364271,36.0911885878
58.0,15.0,8.80898364271,43.8744105291
55.0,9.0,8.80898364271,231.438669578
56.0,9.0,8.80898364271,165.887247137
57.0,9.0,8.80898364271,120.789862001
61.0,16.0,8.80898364271,22.3623674579
58.0,9.0,8.80898364271,102.032637654
60.0,9.0,8.80898364271,62.9119292143
62.0,14.0,8.80898364271,21.3202194115
61.0,14.0,8.80898364271,30.011313249
60.0,14.0,8.80898364271,36.3643092941
59.0,14.0,8.80898364271,41.6261621683
56.0,13.0,8.80898364271,88.7757987045
57.0,14.0,8.80898364271,59.571696026
56.0,14.0,8.80898364271,76.3843557655
59.0,9.0,8.80898364271,80.5473094682
55.0,13.0,8.80898364271,116.064607499
54.0,13.0,8.80898364271,149.579914825
58.0,12.0,8.80898364271,63.1231624255
56.0,11.0,8.80898364271,114.484770425
57.0,11.0,8.80898364271,92.7498014929
58.0,11.0,8.80898364271,70.5494066603
59.0,11.0,8.80898364271,58.9972580831
60.0,11.0,8.80898364271,52.4694752399
61.0,11.0,8.80898364271,41.7626587284
62.0,11.0,8.80898364271,30.1711807036
63.0,11.0,8.80898364271,24.6023865146
55.0,12.0,8.80898364271,129.831864973
56.0,12.0,8.80898364271,98.340888268
57.0,12.0,8.80898364271,80.7162417101
55.0,11.0,8.80898364271,150.704384722
59.0,12.0,8.80898364271,51.704855794
60.0,12.0,8.80898364271,46.2678930407
61.0,12.0,8.80898364271,39.0275623475
63.0,12.0,8.80898364271,22.9044911316
62.0,12.0,8.80898364271,23.8865852188
63.0,10.0,8.80898364271,24.7241386475
60.0,10.0,8.80898364271,56.4248751502
62.0,10.0,8.80898364271,34.110039692
61.0,10.0,8.80898364271,45.7672698363
41.0,16.0,8.81232748533,270.258083821
51.0,4.0,8.83734792069,415.942269761
41.0,18.0,8.83877569775,223.232424719
41.0,13.0,8.84296231947,206.803656009
56.0,3.0,8.84733760634,420.086684996
51.0,5.0,8.85062959735,541.865790645
55.0,4.0,8.87088539221,480.471269
39.0,19.0,8.87088628274,222.486674288
40.0,19.0,8.88223505724,256.255668201
53.0,12.0,8.89121646921,179.881247935
55.0,5.0,8.89605783864,383.251130608
41.0,11.0,8.89788666168,83.0103211709
40.0,11.0,8.89788666168,61.655559829
42.0,11.0,8.89788666168,112.251302334
40.0,12.0,8.89788666168,75.2280222354
41.0,12.0,8.89788666168,102.637891246
42.0,12.0,8.89788666168,134.718731245
42.0,14.0,8.90337576508,240.847869704
43.0,13.0,8.90788313135,210.152094956
54.0,11.0,8.91488499192,162.480405041
38.0,16.0,8.92621917528,99.5366057359
39.0,16.0,8.92621917528,124.411185325
39.0,17.0,8.92621917528,146.850999021
38.0,17.0,8.92621917528,123.557985712
54.0,10.0,8.94248222146,280.84708577
41.0,17.0,8.94751350163,211.621375537
38.0,19.0,8.97537521678,181.546143169
44.0,5.0,8.9909861812,64.822490822
43.0,5.0,8.9909861812,48.4335802879
44.0,6.0,8.9909861812,77.6641270554
44.0,4.0,8.9909861812,55.4678309093
43.0,4.0,8.9909861812,40.9730438416
45.0,5.0,8.9909861812,92.6888924937
44.0,11.0,9.00030129617,192.169725242
57.0,7.0,9.00906547862,135.540497834
57.0,6.0,9.00906547862,174.167174591
56.0,6.0,9.00906547862,229.962334603
46.0,3.0,9.02742224673,85.1106672433
44.0,2.0,9.02742224673,45.7294784496
43.0,2.0,9.02742224673,41.3064358207
47.0,3.0,9.02742224673,102.660714532
49.0,5.0,9.02742224673,271.536154301
50.0,5.0,9.02742224673,335.61941573
48.0,1.0,9.02742224673,88.0589148072
47.0,1.0,9.02742224673,73.499084263
46.0,1.0,9.02742224673,54.6499922251
44.0,1.0,9.02742224673,37.6197977847
45.0,2.0,9.02742224673,55.2128841123
43.0,1.0,9.02742224673,35.9921809182
42.0,1.0,9.02742224673,24.1519019126
47.0,6.0,9.02742224673,201.724232514
47.0,0.0,9.02742224673,63.2726311014
46.0,0.0,9.02742224673,44.8933638371
44.0,0.0,9.02742224673,30.2101255802
43.0,0.0,9.02742224673,29.4857970913
45.0,1.0,9.02742224673,48.8640595277
46.0,2.0,9.02742224673,68.4978151228
48.0,5.0,9.02742224673,225.959273892
48.0,2.0,9.02742224673,108.99498416
45.0,3.0,9.02742224673,68.4780682105
44.0,3.0,9.02742224673,50.3032870753
43.0,3.0,9.02742224673,38.095143163
48.0,3.0,9.02742224673,136.515564908
49.0,3.0,9.02742224673,183.471918177
50.0,3.0,9.02742224673,197.621755553
45.0,4.0,9.02742224673,88.2706976441
46.0,4.0,9.02742224673,100.088965905
47.0,4.0,9.02742224673,129.3422473
48.0,4.0,9.02742224673,178.238496952
49.0,4.0,9.02742224673,206.764911568
50.0,4.0,9.02742224673,251.937148097
47.0,2.0,9.02742224673,89.6019639836
42.0,0.0,9.02742224673,24.1519054089
49.0,2.0,9.02742224673,138.058229495
47.0,5.0,9.02742224673,163.35105926
46.0,5.0,9.02742224673,121.371822923
46.0,6.0,9.05872067386,138.23174604
45.0,7.0,9.05872067386,124.359440019
45.0,6.0,9.05872067386,112.449120145
40.0,18.0,9.06721783594,265.662396879
40.0,17.0,9.08288236021,195.440017524
54.0,12.0,9.08895999002,144.455640002
58.0,0.0,9.09999123354,1105.62269215
39.0,18.0,9.16232935705,171.661212059
53.0,18.0,9.20319305951,102.396995092
53.0,19.0,9.20319305951,93.8628057015
52.0,18.0,9.20319305951,142.45776606
51.0,18.0,9.20319305951,203.076958434
51.0,19.0,9.20319305951,167.664655307
52.0,17.0,9.20319305951,162.552825842
52.0,19.0,9.20319305951,132.891301244
53.0,13.0,9.21225369668,201.682369964
